City_ID,City,Country,Lat,Lng,Max Temp,Humidity,Cloudiness,Wind Speed,Current Description
0,Mogadishu,SO,2.0371,45.3438,76.32,85,74,17.34,light rain
1,Punta Arenas,CL,-53.15,-70.9167,57.31,55,0,8.05,clear sky
2,Great Falls,US,47.5002,-111.3008,83.66,26,1,1.99,haze
3,Vaini,TO,-21.2,-175.2,64.56,77,40,4.61,scattered clouds
4,Port Lincoln,AU,-34.7333,135.8667,55.31,78,99,10.29,overcast clouds
5,Hithadhoo,MV,-0.6,73.0833,82.02,77,100,8.9,overcast clouds
6,Albany,US,42.6001,-73.9662,78.8,61,100,4.18,overcast clouds
7,New Norfolk,AU,-42.7826,147.0587,47.71,65,99,3.0,overcast clouds
8,Kapaa,US,22.0752,-159.319,80.92,77,75,4.0,light rain
9,Saint-Augustin,CA,51.226,-58.6502,70.16,43,46,14.61,scattered clouds
10,Paamiut,GL,61.994,-49.6678,45.3,90,100,5.5,overcast clouds
11,Nanning,CN,22.8167,108.3167,84.52,69,83,3.22,light rain
12,Atuona,PF,-9.8,-139.0333,77.77,67,100,14.14,overcast clouds
13,Tilichiki,RU,60.4667,166.1,39.92,94,100,6.96,light rain
14,Karratha,AU,-20.7377,116.8463,70.61,30,56,14.38,broken clouds
15,Butaritari,KI,3.0707,172.7902,82.26,66,97,11.14,overcast clouds
16,Rikitea,PF,-23.1203,-134.9692,71.33,69,17,14.36,few clouds
17,Yellowknife,CA,62.456,-114.3525,54.32,57,100,3.24,overcast clouds
18,Kodiak,US,57.79,-152.4072,55.31,88,11,0.98,few clouds
19,Hilo,US,19.7297,-155.09,71.8,90,90,4.61,light rain
20,Alofi,NU,-19.0595,-169.9187,73.06,54,30,3.38,scattered clouds
21,Port Elizabeth,ZA,-33.918,25.5701,62.1,90,89,5.86,overcast clouds
22,Quatre Cocos,MU,-20.2078,57.7625,66.09,74,75,21.94,light rain
23,Jamestown,US,42.097,-79.2353,78.03,55,1,4.0,clear sky
24,Norman Wells,CA,65.282,-126.8329,54.16,68,100,4.38,overcast clouds
25,Takoradi,GH,4.8845,-1.7554,78.91,80,73,12.68,broken clouds
26,Naron,ES,43.5167,-8.1528,71.69,80,25,7.14,scattered clouds
27,Druzhba,UA,52.0428,33.9453,68.22,54,78,5.28,broken clouds
28,Esperance,AU,-33.8667,121.9,46.24,81,0,4.25,clear sky
29,Apam,GH,5.2848,-0.7371,78.22,82,54,15.03,broken clouds
30,Ushuaia,AR,-54.8,-68.3,53.26,47,75,16.11,broken clouds
31,Pevek,RU,69.7008,170.3133,38.32,95,100,6.31,overcast clouds
32,Saint Anthony,US,45.0205,-93.218,84.34,46,1,4.0,clear sky
33,Basco,PH,20.4487,121.9702,83.93,83,100,32.7,light rain
34,Touros,BR,-5.1989,-35.4608,81.5,62,72,18.72,broken clouds
35,Chokurdakh,RU,70.6333,147.9167,36.48,87,85,11.74,overcast clouds
36,Mataura,NZ,-46.1927,168.8643,35.47,86,100,2.82,overcast clouds
37,Lebu,CL,-37.6167,-73.65,60.06,66,65,14.27,broken clouds
38,Emmett,US,43.8735,-116.4993,88.02,35,2,1.01,clear sky
39,Carnarvon,AU,-24.8667,113.6333,51.87,39,0,11.5,clear sky
40,Skibbereen,IE,51.55,-9.2667,62.4,69,100,11.3,overcast clouds
41,Tarko-Sale,RU,64.9225,77.785,63.16,80,48,8.5,scattered clouds
42,Nicolas De Pierola,PE,-11.95,-76.7,52.09,44,8,9.42,clear sky
43,Saskylakh,RU,71.9167,114.0833,51.8,56,91,7.63,overcast clouds
44,Bluff,NZ,-46.6,168.3333,35.8,77,100,2.59,overcast clouds
45,Asau,RO,46.4333,26.4,75.4,70,93,3.09,overcast clouds
46,Sambava,MG,-14.2667,50.1667,70.52,78,0,12.57,clear sky
47,San Patricio,US,28.017,-97.5169,91.87,59,83,5.19,broken clouds
48,Mezen,RU,65.8522,44.24,56.28,65,82,14.41,broken clouds
49,Petropavlovsk-Kamchatskiy,RU,53.0452,158.6483,43.45,83,2,11.45,clear sky
50,Rawson,AR,-43.3002,-65.1023,66.2,34,29,21.43,scattered clouds
51,Reporoa,NZ,-38.4333,176.35,40.41,79,100,1.92,overcast clouds
52,Cape Town,ZA,-33.9258,18.4232,60.12,79,1,1.99,clear sky
53,Bethel,US,41.3712,-73.414,75.65,71,1,1.01,clear sky
54,Arroyo,ES,41.6096,-4.7969,85.14,29,0,9.22,clear sky
55,Busselton,AU,-33.65,115.3333,48.04,90,1,6.08,clear sky
56,Fairbanks,US,64.8378,-147.7164,67.96,62,1,9.22,smoke
57,Kaitangata,NZ,-46.2817,169.8464,39.78,88,100,8.3,overcast clouds
58,Cayenne,GF,4.9333,-52.3333,86.09,72,90,4.0,mist
59,Khani,GE,41.9563,42.9566,72.97,95,3,1.03,clear sky
60,Puerto Ayora,EC,-0.7393,-90.3518,74.55,77,27,10.0,scattered clouds
61,Qaanaaq,GL,77.484,-69.3632,45.0,70,80,3.15,broken clouds
62,Georgetown,MY,5.4112,100.3354,82.89,79,20,0.0,thunderstorm
63,Avarua,CK,-21.2078,-159.775,73.45,64,6,10.36,clear sky
64,Samarai,PG,-10.6167,150.6667,77.36,85,59,11.95,broken clouds
65,Castro,BR,-24.7911,-50.0119,60.94,53,3,8.19,clear sky
66,Manzanillo,CU,20.3433,-77.1167,87.75,59,16,3.24,few clouds
67,Qui Nhon,VN,13.7667,109.2333,85.17,69,100,14.47,overcast clouds
68,Dikson,RU,73.5069,80.5464,48.43,84,68,6.51,broken clouds
69,Cabo San Lucas,MX,22.8909,-109.9124,92.17,67,75,4.61,broken clouds
70,Camacha,PT,33.0833,-16.3333,74.16,73,40,14.97,scattered clouds
71,Yerbogachen,RU,61.2767,108.0108,58.37,81,80,4.83,broken clouds
72,Caravelas,BR,-17.7125,-39.2481,72.97,76,97,10.94,overcast clouds
73,Ust-Tsilma,RU,65.441,52.1498,65.55,65,47,6.02,scattered clouds
74,Inhambane,MZ,-23.865,35.3833,65.5,68,0,7.45,clear sky
75,Vila Franca Do Campo,PT,37.7167,-25.4333,77.41,64,2,4.52,clear sky
76,Poum,NC,-20.2333,164.0167,71.01,72,99,8.14,overcast clouds
77,Hobyo,SO,5.3505,48.5268,77.47,84,99,26.28,overcast clouds
78,Victoria,HK,22.2855,114.1577,82.45,94,100,5.01,overcast clouds
79,Bengkulu,ID,-3.8004,102.2655,76.28,90,95,5.99,moderate rain
80,Kajaani,FI,64.2273,27.7285,57.25,58,0,13.8,clear sky
81,Cidreira,BR,-30.1811,-50.2056,60.82,88,99,7.02,overcast clouds
82,Hermanus,ZA,-34.4187,19.2345,59.9,89,52,7.31,broken clouds
83,Narsaq,GL,60.9167,-46.05,50.22,96,100,0.94,light rain
84,Los Llanos De Aridane,ES,28.6585,-17.9182,74.95,77,20,14.97,few clouds
85,Vila Velha,BR,-20.3297,-40.2925,73.35,64,20,20.71,few clouds
86,Nsanje,MW,-16.92,35.262,69.64,58,0,7.65,clear sky
87,Klaksvik,FO,62.2266,-6.589,58.12,93,87,10.07,overcast clouds
88,Nanortalik,GL,60.1432,-45.2371,45.75,93,100,6.29,overcast clouds
89,Batagay-Alyta,RU,67.8006,130.4114,51.78,46,66,9.66,broken clouds
90,Bredasdorp,ZA,-34.5322,20.0403,58.28,94,35,2.64,scattered clouds
91,Provideniya,RU,64.3833,-173.3,51.71,84,100,20.04,overcast clouds
92,Silvania,BR,-16.6589,-48.6081,82.36,24,97,3.67,overcast clouds
93,Lubango,AO,-14.9172,13.4925,65.43,22,5,6.26,clear sky
94,Hobart,AU,-42.8794,147.3294,48.06,70,40,1.99,scattered clouds
95,Thompson,CA,55.7435,-97.8558,53.76,87,90,17.27,smoke
96,Nara,JP,34.6851,135.8049,81.25,94,0,0.29,clear sky
97,El Bagre,CO,7.5927,-74.8086,83.64,68,99,2.13,overcast clouds
98,East London,ZA,-33.0153,27.9116,65.19,83,1,10.69,clear sky
99,Arraial Do Cabo,BR,-22.9661,-42.0278,71.46,68,20,13.8,few clouds
100,Ribeira Grande,PT,38.5167,-28.7,79.2,73,20,16.11,few clouds
101,Kungurtug,RU,50.5994,97.5228,52.25,85,25,3.4,scattered clouds
102,Port Alfred,ZA,-33.5906,26.891,62.76,88,20,8.39,few clouds
103,Lincoln,US,40.8,-96.667,81.12,54,1,5.01,clear sky
104,Vestmannaeyjar,IS,63.4427,-20.2734,56.39,94,90,9.22,mist
105,Ocote Paulino,HN,15.4167,-87.6,82.6,50,96,3.31,overcast clouds
106,Lavrentiya,RU,65.5833,-171.0,52.79,81,97,13.04,overcast clouds
107,Camocim,BR,-2.9022,-40.8411,88.75,52,38,10.96,scattered clouds
108,Pisco,PE,-13.7,-76.2167,65.01,77,90,6.91,overcast clouds
109,Anshun,CN,26.25,105.9333,67.44,85,4,4.59,clear sky
110,Mitu,CO,1.1983,-70.1733,82.44,56,93,3.02,overcast clouds
111,Vao,NC,-22.6667,167.4833,69.35,75,34,15.32,scattered clouds
112,Yar-Sale,RU,66.8333,70.8333,62.37,71,22,4.05,few clouds
113,Sargur,IN,11.9833,76.4167,68.59,91,66,6.29,broken clouds
114,Aloleng,PH,16.1307,119.7824,82.06,85,97,23.96,overcast clouds
115,Roald,NO,62.5833,6.1333,64.17,72,20,9.22,few clouds
116,Tuktoyaktuk,CA,69.4541,-133.0374,50.36,57,39,6.85,scattered clouds
117,Kindersley,CA,51.4668,-109.1682,77.38,43,4,9.19,clear sky
118,Smolenka,RU,52.1352,113.4974,57.27,100,100,0.0,overcast clouds
119,Quzhou,CN,28.9594,118.8686,77.99,92,100,7.25,light rain
120,Chuy,UY,-33.6971,-53.4616,59.49,64,62,5.19,broken clouds
121,Mecca,SA,21.4267,39.8261,95.22,32,88,11.23,overcast clouds
122,Ha Giang,VN,22.8333,104.9833,80.37,78,100,3.15,overcast clouds
123,Barrow,US,71.2906,-156.7887,44.62,93,75,6.91,mist
124,Clyde River,CA,70.4692,-68.5914,37.63,93,90,8.05,light intensity drizzle
125,Faanui,PF,-16.4833,-151.75,78.94,77,62,13.24,broken clouds
126,Harper,LR,4.375,-7.7169,78.28,81,86,11.23,light rain
127,Lagoa,PT,39.05,-27.9833,73.0,87,1,12.68,clear sky
128,Saint-Pierre,RE,-21.3393,55.4781,67.64,73,90,17.27,overcast clouds
129,Vicosa Do Ceara,BR,-3.5622,-41.0922,85.82,32,72,2.13,broken clouds
130,Beihai,CN,21.4833,109.1,85.77,82,88,17.16,light rain
131,Ivybridge,GB,50.3904,-3.9191,69.26,70,68,9.51,broken clouds
132,Brae,GB,60.3964,-1.353,57.11,78,100,8.81,overcast clouds
133,Atasu,KZ,48.6814,71.6433,73.15,39,15,7.52,few clouds
134,Tsiroanomandidy,MG,-18.7667,46.0333,64.36,62,47,6.73,scattered clouds
135,Pangoa,PE,-12.1167,-73.0,82.35,38,92,4.79,overcast clouds
136,Olinda,BR,-8.0089,-34.8553,76.73,83,75,14.97,broken clouds
137,Maniitsoq,GL,65.4167,-52.9,44.74,92,83,0.98,broken clouds
138,Saint Pete Beach,US,27.7253,-82.7412,88.14,72,20,4.0,few clouds
139,Bari,IT,41.1177,16.8512,97.88,32,0,5.01,clear sky
140,Haines Junction,CA,60.7522,-137.5108,61.54,65,78,2.93,broken clouds
141,Mahebourg,MU,-20.4081,57.7,66.25,74,81,22.48,light rain
142,Beachwood,US,41.4645,-81.5087,80.65,43,1,1.01,clear sky
143,Pacific Grove,US,36.6177,-121.9166,71.15,91,90,4.0,overcast clouds
144,Ketchikan,US,55.3422,-131.6461,61.27,100,90,12.66,mist
145,Gat,IL,31.61,34.7642,92.39,40,0,8.93,clear sky
146,Peachland,CA,49.7665,-119.7357,84.67,42,6,1.99,clear sky
147,Hasaki,JP,35.7333,140.8333,73.8,90,0,2.01,clear sky
148,Bathsheba,BB,13.2167,-59.5167,88.41,62,40,18.41,scattered clouds
149,Salalah,OM,17.0151,54.0924,80.69,89,75,6.91,broken clouds
150,Tasiilaq,GL,65.6145,-37.6368,53.76,75,95,0.45,overcast clouds
151,Hami,CN,42.8,93.45,87.55,10,6,8.19,clear sky
152,Airai,TL,-8.9266,125.4092,55.72,84,49,3.6,scattered clouds
153,Havelock,US,34.8791,-76.9013,75.18,96,90,1.99,mist
154,Bambous Virieux,MU,-20.3428,57.7575,66.22,74,85,22.12,light rain
155,Sorong,ID,-0.8833,131.25,77.76,85,100,3.98,overcast clouds
156,Roma,US,43.2128,-75.4557,79.86,57,1,3.44,clear sky
157,Nome,US,64.5011,-165.4064,71.67,57,1,10.36,clear sky
158,Cherskiy,RU,68.75,161.3,40.59,90,98,5.48,overcast clouds
159,Severo-Kurilsk,RU,50.6789,156.125,51.12,81,100,13.11,overcast clouds
160,Lompoc,US,34.6391,-120.4579,69.85,82,90,5.75,overcast clouds
161,Sao Filipe,CV,14.8961,-24.4956,78.26,87,92,11.05,overcast clouds
162,Santiago De Cao,PE,-7.9589,-79.2392,66.33,82,90,9.22,overcast clouds
163,Edd,ER,13.9297,41.6925,91.45,64,29,9.17,scattered clouds
164,Husavik,IS,66.0449,-17.3389,56.62,77,64,7.29,broken clouds
165,Berdigestyakh,RU,62.0989,126.6992,58.77,63,95,2.8,overcast clouds
166,Port Hedland,AU,-20.3167,118.5667,73.45,17,75,13.8,broken clouds
167,Atengo,MX,20.1667,-99.3333,69.26,62,77,5.57,broken clouds
168,Kloulklubed,PW,7.0419,134.2556,84.07,75,90,8.79,overcast clouds
169,Laguna,US,38.421,-121.4238,96.24,55,1,1.99,clear sky
170,Luderitz,NA,-26.6481,15.1594,56.91,85,3,4.34,clear sky
171,Sakakah,SA,29.9697,40.2064,98.37,9,0,10.38,clear sky
172,Wasilla,US,61.5814,-149.4394,58.84,85,90,0.0,overcast clouds
173,Kokopo,PG,-4.352,152.2633,76.21,88,11,5.61,few clouds
174,Aksarka,RU,66.5606,67.7975,67.3,64,56,7.54,broken clouds
175,Kavieng,PG,-2.5744,150.7967,81.14,75,57,3.36,broken clouds
176,Ailigandi,PA,9.2333,-78.0167,84.51,68,68,5.3,broken clouds
177,Manbij,SY,36.5281,37.9549,97.57,18,34,20.76,scattered clouds
178,Dukat,RU,62.55,155.55,31.84,99,100,2.75,light snow
179,Corinto,GR,37.9407,22.9573,98.42,31,28,5.19,scattered clouds
180,Rio Grande,BR,-32.035,-52.0986,57.31,80,98,6.82,overcast clouds
181,Dingle,PH,10.9995,122.6711,78.31,89,73,8.59,light rain
182,Banswada,IN,18.3833,77.8833,77.74,77,98,10.67,overcast clouds
183,Glossop,GB,53.4432,-1.949,71.37,66,17,7.47,few clouds
184,Kalmunai,LK,7.4167,81.8167,82.51,75,97,5.26,overcast clouds
185,Killybegs,IE,54.6333,-8.45,62.46,66,98,5.03,overcast clouds
186,Ucluelet,CA,48.9329,-125.5528,77.04,82,79,3.87,broken clouds
187,Tevaitoa,PF,-16.7833,-151.5,78.53,79,63,13.35,light rain
188,Ierapetra,GR,35.01,25.7353,93.43,36,0,8.63,clear sky
189,Beroroha,MG,-21.6667,45.1667,72.66,50,16,14.23,few clouds
190,Mandera,KE,3.9366,41.867,87.69,33,82,13.31,broken clouds
191,Vuktyl,RU,63.8567,57.3094,64.51,95,53,5.21,broken clouds
192,Egvekinot,RU,66.3167,-179.1667,49.51,90,99,10.04,overcast clouds
193,Kruisfontein,ZA,-34.0033,24.7314,59.88,95,99,3.53,overcast clouds
194,Ballina,AU,-28.8667,153.5667,48.78,67,0,10.09,clear sky
195,Sioux Lookout,CA,50.1001,-91.917,88.07,23,94,12.48,overcast clouds
196,Belaya Gora,RU,68.5333,146.4167,43.66,56,82,10.63,broken clouds
197,Kristinehamn,SE,59.3098,14.1081,73.38,42,33,3.42,scattered clouds
198,Menongue,AO,-14.6585,17.691,69.3,21,0,5.55,clear sky
199,Tual,ID,-5.6667,132.75,80.78,76,100,17.54,light rain
200,Nioro,GM,13.35,-15.75,85.24,71,100,8.66,overcast clouds
201,Ilulissat,GL,69.2167,-51.1,48.22,76,1,4.61,clear sky
202,Esna,EG,25.2934,32.554,102.6,9,65,9.82,broken clouds
203,Henties Bay,NA,-22.116,14.2845,57.85,79,16,7.94,few clouds
204,Juneau,US,58.3019,-134.4197,59.85,96,90,0.0,light rain
205,Hay River,CA,60.8156,-115.7999,56.1,54,95,4.41,overcast clouds
206,Kattivakkam,IN,13.2167,80.3167,89.69,62,100,7.85,overcast clouds
207,Guerrero Negro,MX,27.9769,-114.0611,79.09,57,3,5.37,clear sky
208,Changde,CN,29.0464,111.6783,77.79,89,0,6.29,clear sky
209,Vostok,RU,46.4856,135.8833,63.14,95,58,4.76,broken clouds
210,Agadir,MA,30.4202,-9.5982,77.45,68,11,6.49,few clouds
211,Naze,JP,28.3667,129.4833,78.15,87,99,16.2,overcast clouds
212,Petatlan,MX,17.5167,-101.2667,89.4,60,100,4.5,overcast clouds
213,Bay Roberts,CA,47.5999,-53.2648,75.65,64,68,8.01,broken clouds
214,Oranjemund,NA,-28.55,16.4333,56.44,83,23,3.49,few clouds
215,Longyearbyen,SJ,78.2186,15.6401,46.24,66,75,14.97,broken clouds
216,Marshfield,US,44.6689,-90.1718,80.44,53,1,6.91,clear sky
217,Aleksandrovskoye,RU,44.7142,43.0008,87.94,37,81,3.47,light rain
218,Sinnamary,GF,5.3833,-52.95,84.25,66,13,4.99,few clouds
219,Coquimbo,CL,-29.9533,-71.3436,60.53,72,40,11.5,scattered clouds
220,Moose Factory,CA,51.2585,-80.6094,79.11,25,29,11.1,scattered clouds
221,Lolodorf,CM,3.2333,10.7333,73.67,95,85,2.57,light rain
222,Broken Hill,AU,-31.95,141.4333,46.9,89,20,9.06,few clouds
223,Morganton,US,35.7454,-81.6848,81.59,61,75,1.99,broken clouds
224,Port Hardy,CA,50.6996,-127.4199,65.44,82,47,3.02,scattered clouds
225,Half Moon Bay,US,37.4636,-122.4286,74.91,77,40,4.61,scattered clouds
226,Mnogovershinnyy,RU,53.9353,139.9242,50.52,99,100,2.42,overcast clouds
227,Znamenskoye,RU,57.1281,73.8282,58.73,92,60,4.72,broken clouds
228,Oistins,BB,13.0667,-59.5333,87.89,62,40,18.41,scattered clouds
229,Saint George,US,37.1041,-113.5841,95.34,21,2,1.99,clear sky
230,Mount Isa,AU,-20.7333,139.5,55.17,33,6,14.97,clear sky
231,Paracuru,BR,-3.41,-39.0306,86.02,51,21,15.86,few clouds
232,Torbay,CA,47.6666,-52.7314,74.88,59,83,19.57,broken clouds
233,Richards Bay,ZA,-28.783,32.0377,66.67,77,0,10.25,clear sky
234,Yichang,CN,30.7144,111.2847,80.78,77,2,3.53,light rain
235,Adrar,MR,20.5022,-10.0711,106.61,11,7,15.1,clear sky
236,Murgab,TM,37.4966,61.9714,89.47,29,29,4.61,scattered clouds
237,Katsuura,JP,35.1333,140.3,78.91,86,10,1.88,clear sky
238,Veraval,IN,20.9,70.3667,81.64,85,99,17.98,overcast clouds
239,Komsomolskiy,UZ,40.4272,71.7189,86.72,20,73,13.8,broken clouds
240,Sorland,NO,67.667,12.6934,53.67,88,99,20.11,overcast clouds
241,Lucea,JM,18.451,-78.1736,86.86,64,81,3.18,broken clouds
242,Varia,FR,44.5725,-0.1104,72.05,68,67,16.13,broken clouds
243,Flin Flon,CA,54.7682,-101.865,70.61,64,93,12.68,overcast clouds
244,Mali,GN,12.079,-12.2982,67.8,86,77,3.91,light rain
245,Itapetinga,BR,-15.2489,-40.2478,76.78,46,100,8.7,overcast clouds
246,Naryan-Mar,RU,67.6713,53.087,68.54,62,74,6.98,broken clouds
247,Morondava,MG,-20.2833,44.2833,74.03,73,9,8.43,clear sky
248,San Cristobal,VE,7.7669,-72.225,75.2,68,95,6.93,overcast clouds
249,Cardston,CA,49.2,-113.3019,66.81,18,19,2.51,few clouds
250,Oum Hadjer,TD,13.2954,19.6966,85.89,58,74,0.85,broken clouds
251,Meulaboh,ID,4.1363,96.1285,77.14,88,91,5.41,overcast clouds
252,Gunjur,GM,13.2019,-16.7339,86.07,74,40,11.5,scattered clouds
253,Saint-Philippe,RE,-21.3585,55.7679,67.55,79,94,15.57,light rain
254,Atar,MR,20.5169,-13.0499,104.41,19,3,5.44,clear sky
255,Trat,TH,12.5,102.5,76.19,96,100,3.42,overcast clouds
256,Tselinnoye,RU,53.0833,85.6667,59.67,81,34,4.16,scattered clouds
257,Smithers,CA,54.7804,-127.1743,65.95,71,100,2.64,overcast clouds
258,Buala,SB,-8.145,159.5921,78.42,85,58,6.6,light rain
259,Quchan,IR,37.106,58.5095,78.17,24,3,11.72,clear sky
260,Gobindapur,IN,22.5931,88.0914,82.35,89,100,4.68,light rain
261,Andenes,NO,69.3143,16.1194,55.08,93,75,11.5,light intensity drizzle
262,Nantucket,US,41.2835,-70.0995,74.01,87,75,6.91,moderate rain
263,Maragogi,BR,-9.0122,-35.2225,76.15,82,79,12.77,broken clouds
264,Bairiki,KI,1.3292,172.9752,77.0,88,75,0.0,broken clouds
265,Constantine,DZ,36.365,6.6147,86.5,49,34,13.11,scattered clouds
266,Torrington,US,41.8007,-73.1212,75.69,69,100,1.99,overcast clouds
267,Vavoua,CI,7.3819,-6.4778,75.7,92,100,4.09,moderate rain
268,Snasa,NO,64.2457,12.3778,60.21,58,99,4.25,overcast clouds
269,Shu,KZ,43.5983,73.7614,83.25,26,4,13.24,clear sky
270,Aranos,NA,-24.1333,19.1167,69.37,19,6,9.95,clear sky
271,Codrington,AU,-38.2667,141.9667,49.86,90,31,11.7,scattered clouds
272,Constitucion,CL,-35.3333,-72.4167,58.95,73,30,13.18,scattered clouds
273,Anori,BR,-3.7728,-61.6442,97.39,33,27,2.51,scattered clouds
274,Havoysund,NO,70.9963,24.6622,50.88,88,100,17.25,overcast clouds
275,Kununurra,AU,-15.7667,128.7333,73.38,27,39,9.22,scattered clouds
276,Vieques,PR,18.425,-65.8329,89.01,78,40,10.36,thunderstorm
277,Labuhan,ID,-6.8844,112.2051,78.21,83,11,6.67,few clouds
278,Auki,SB,-8.7676,160.7034,74.25,87,5,4.18,clear sky
279,Ambunti,PG,-4.2365,142.8448,72.84,99,50,0.83,scattered clouds
280,Buchanan,LR,5.8808,-10.0467,80.56,77,84,10.49,light rain
281,Pascagoula,US,30.3658,-88.5561,89.65,62,90,8.05,overcast clouds
282,Baruun-Urt,MN,46.6806,113.2792,54.72,91,95,6.73,overcast clouds
283,Jiaohe,CN,43.7286,127.3447,67.3,97,85,3.65,overcast clouds
284,Bertoua,CM,4.5833,13.6833,73.35,88,30,1.77,light rain
285,Okha,RU,53.5739,142.9478,53.91,89,100,13.2,overcast clouds
286,Heidelberg,ZA,-26.5048,28.3592,60.71,31,0,3.67,clear sky
287,Mar Del Plata,AR,-38.0023,-57.5575,61.88,57,0,1.01,clear sky
288,Kieta,PG,-6.2167,155.6333,77.56,85,20,4.23,few clouds
289,Padang,ID,-0.9492,100.3543,77.05,85,94,3.69,overcast clouds
290,Ustka,PL,54.5805,16.8619,65.5,60,8,8.41,clear sky
291,Lorengau,PG,-2.0226,147.2712,79.9,80,75,1.77,broken clouds
292,Hoi An,VN,15.8794,108.335,89.56,70,100,8.99,overcast clouds
293,Vanimo,PG,-2.6741,141.3028,77.81,85,92,2.77,overcast clouds
294,Acheng,CN,45.5454,126.977,67.55,97,7,9.33,clear sky
295,Esqueda,MX,30.7167,-109.5833,85.39,40,1,1.63,clear sky
296,Aklavik,CA,68.2191,-135.0107,59.56,42,40,9.28,scattered clouds
297,Hualmay,PE,-11.0964,-77.6139,68.14,73,49,6.38,scattered clouds
298,Ankazobe,MG,-18.3167,47.1167,59.41,84,70,8.23,broken clouds
299,Axim,GH,4.8699,-2.2405,79.38,79,73,10.85,light rain
300,Beisfjord,NO,68.3751,17.5988,54.97,92,98,3.89,overcast clouds
301,Talaya,RU,61.3833,152.75,34.86,96,91,3.49,overcast clouds
302,Umm Kaddadah,SD,13.6017,26.6876,86.27,50,100,11.52,overcast clouds
303,Magdagachi,RU,53.45,125.8,59.23,90,100,6.91,overcast clouds
304,Vacha,RU,55.8008,42.7706,63.61,57,71,5.97,broken clouds
305,Lunca,RO,43.8333,24.7667,90.28,19,37,6.62,scattered clouds
306,Manggar,ID,-2.8833,108.2667,81.99,77,73,10.6,broken clouds
307,Flinders,AU,-34.5833,150.8552,56.17,66,4,7.0,clear sky
308,Ylojarvi,FI,61.5563,23.5961,64.31,43,0,8.05,clear sky
309,Awjilah,LY,29.1081,21.2869,106.5,8,0,14.67,clear sky
310,Bilibino,RU,68.0546,166.4372,40.26,90,100,4.29,overcast clouds
311,Obo,CF,5.3998,26.4869,75.45,76,89,1.45,overcast clouds
312,Upernavik,GL,72.7868,-56.1549,45.19,80,18,6.44,few clouds
313,Cariati,IT,39.4922,16.9594,102.27,42,10,3.11,clear sky
314,Sherman,US,33.6357,-96.6089,87.62,54,75,5.75,broken clouds
315,Geraldton,AU,-28.7667,114.6,48.61,81,0,11.5,clear sky
316,Forestville,US,38.8451,-76.875,82.24,54,40,12.66,scattered clouds
317,Vero Beach,US,27.6386,-80.3973,78.06,88,75,10.36,mist
318,Playa Del Carmen,MX,20.6274,-87.0799,91.35,67,40,8.05,scattered clouds
319,Shelburne,CA,44.0787,-80.2041,79.27,26,6,6.11,clear sky
320,Creel,MX,27.75,-107.6333,70.36,43,26,11.3,scattered clouds
321,Saldanha,ZA,-33.0117,17.9442,57.56,91,2,11.5,clear sky
322,Klyuchevskiy,RU,53.5317,119.4519,56.39,98,100,3.2,light rain
323,Pryshyb,UA,47.2603,35.3228,77.25,47,48,5.95,scattered clouds
324,Khandyga,RU,62.6667,135.6,55.17,39,0,3.56,clear sky
325,Yumen,CN,40.2833,97.2,76.3,14,0,10.92,clear sky
326,Seymchan,RU,62.8833,152.4333,39.69,91,100,6.69,overcast clouds
327,Marawi,PH,7.9986,124.2928,72.64,90,98,5.7,overcast clouds
328,Eirunepe,BR,-6.6603,-69.8736,93.87,24,0,5.08,clear sky
329,Yima,CN,34.7381,111.8839,76.75,83,4,4.23,clear sky
330,Santa Rosa,PH,14.3122,121.1114,84.11,79,83,9.51,broken clouds
331,Circleville,US,39.6006,-82.946,82.81,69,98,5.41,overcast clouds
332,Seoul,KR,37.5683,126.9778,78.31,76,92,0.63,overcast clouds
333,Kilinochchi,LK,9.3961,80.3982,80.64,79,99,14.88,overcast clouds
334,Progreso,MX,21.2833,-89.6667,87.91,57,5,8.68,clear sky
335,Port Augusta,AU,-32.5,137.7667,48.7,90,29,5.3,scattered clouds
336,Kondinskoye,RU,59.6481,67.41,64.62,66,37,3.65,scattered clouds
337,Dhidhdhoo,MV,6.8833,73.1,82.8,78,100,10.45,overcast clouds
338,Mulege,MX,26.8833,-111.9833,91.02,55,57,8.43,broken clouds
339,Venkatagiri,IN,13.9667,79.5833,89.55,47,38,17.74,scattered clouds
340,Guarapari,BR,-20.6667,-40.4975,73.29,75,100,11.86,overcast clouds
341,Rapid City,US,44.0805,-103.231,82.33,60,1,1.01,smoke
342,Metro,ID,-5.1131,105.3067,74.71,90,46,5.44,scattered clouds
343,Bantou,CN,26.2151,117.4893,76.68,96,99,3.02,light rain
344,Rio Gallegos,AR,-51.6226,-69.2181,59.05,29,0,20.71,clear sky
345,Timiryazevskiy,RU,56.49,84.8769,62.1,91,92,1.43,light rain
346,Hambantota,LK,6.1241,81.1185,79.9,82,93,18.05,overcast clouds
347,Tuatapere,NZ,-46.1333,167.6833,35.82,84,100,2.53,overcast clouds
348,Ajaccio,FR,42.0,8.9167,78.78,32,0,13.8,clear sky
349,Verkhnyaya Inta,RU,65.9811,60.3094,69.91,68,77,7.63,broken clouds
350,Ugoofaaru,MV,5.6667,73.0,82.72,77,100,9.33,overcast clouds
351,Vydrino,RU,51.485,104.8461,60.35,76,60,7.11,broken clouds
352,Bodden Town,KY,19.2833,-81.25,87.8,74,20,9.22,few clouds
353,Pudozh,RU,61.8099,36.5345,62.55,52,60,7.74,broken clouds
354,Kokoda,PG,-8.8785,147.7407,73.87,96,100,1.36,overcast clouds
355,Aleksandrovsk-Sakhalinskiy,RU,50.8975,142.1561,55.62,95,100,4.83,moderate rain
356,Mocuba,MZ,-16.8392,36.9856,68.47,62,58,7.36,broken clouds
357,Asfi,MA,32.2994,-9.2372,75.7,62,4,23.4,clear sky
358,Les Cayes,HT,18.2,-73.75,86.95,56,39,13.27,scattered clouds
359,Concepcion Del Uruguay,AR,-32.4825,-58.2372,63.82,66,60,3.0,broken clouds
360,Ostrovnoy,RU,68.0531,39.5131,48.94,87,100,11.88,overcast clouds
361,Port-Gentil,GA,-0.7193,8.7815,77.18,81,27,16.31,scattered clouds
362,Ambanja,MG,-13.6833,48.45,71.92,87,40,2.1,light rain
363,Lokosovo,RU,61.1333,74.8167,59.7,83,71,3.42,broken clouds
364,Nouadhibou,MR,20.931,-17.0347,70.0,85,0,23.67,clear sky
365,Altar,MX,30.7,-111.8167,91.96,44,0,2.84,clear sky
366,Dongsheng,CN,39.8161,109.9776,65.77,45,0,9.15,clear sky
367,Avera,US,33.194,-82.5271,80.74,52,38,6.24,scattered clouds
368,Kosh-Agach,RU,50.0,88.6667,52.86,75,94,3.69,overcast clouds
369,Fortuna,US,40.5982,-124.1573,53.94,55,26,4.85,scattered clouds
370,Praia Da Vitoria,PT,38.7333,-27.0667,78.76,82,5,11.1,clear sky
371,Florence,IT,43.7667,11.25,86.05,45,40,10.36,scattered clouds
372,Vicuna,CL,-30.0319,-70.7081,53.33,17,0,6.98,clear sky
373,Upington,ZA,-28.4478,21.2561,70.74,20,89,13.13,overcast clouds
374,Kristiinankaupunki,FI,62.2743,21.376,59.27,58,9,6.53,clear sky
375,Calbuco,CL,-41.768,-73.1273,58.21,68,100,5.23,overcast clouds
376,Sarkand,KZ,45.41,79.9186,70.93,46,56,3.8,broken clouds
377,Khatanga,RU,71.9667,102.5,65.01,47,99,12.95,overcast clouds
378,Guhagar,IN,17.4842,73.1929,79.0,89,99,11.56,overcast clouds
379,Mambatangan,PH,8.4333,124.8333,76.55,92,99,4.54,overcast clouds
380,Nikolskoye,RU,59.7035,30.7861,64.29,63,80,1.52,broken clouds
381,Buluang,PH,13.3068,123.3425,81.72,81,98,10.92,overcast clouds
382,Portland,US,45.5234,-122.6762,78.49,68,1,1.99,clear sky
383,Tura,IN,25.5198,90.2201,75.54,95,99,4.0,overcast clouds
384,Maun,BW,-19.9833,23.4167,66.6,23,0,6.89,clear sky
385,Gazimurskiy Zavod,RU,51.5461,118.3266,56.93,99,100,3.98,overcast clouds
386,Hope,US,33.6671,-93.5916,84.25,49,18,4.45,few clouds
387,Ponta Do Sol,PT,32.6667,-17.1,81.72,64,47,2.62,scattered clouds
388,Galveston,US,29.3669,-94.9669,91.18,87,75,8.05,broken clouds
389,Severnoye,RU,56.3491,78.3619,56.93,95,13,5.93,few clouds
390,Santa Rosalia,MX,27.3167,-112.2833,87.19,63,29,8.05,scattered clouds
391,Puerto Baquerizo Moreno,EC,-0.9,-89.6,70.79,77,40,15.23,scattered clouds
392,Staryy Nadym,RU,65.6118,72.6842,61.32,84,14,7.99,few clouds
393,Beringovskiy,RU,63.05,179.3167,47.46,98,100,17.94,heavy intensity rain
394,Iqaluit,CA,63.7506,-68.5145,43.7,87,100,25.99,light rain
395,Sur,OM,22.5667,59.5289,95.43,46,71,7.78,broken clouds
396,Umm Lajj,SA,25.0213,37.2685,93.07,48,90,2.37,overcast clouds
397,Puerto Quijarro,BO,-17.7833,-57.7667,89.56,20,100,4.94,overcast clouds
398,Aykhal,RU,66.0,111.5,59.18,48,7,8.68,clear sky
399,Rupert,US,42.6191,-113.6772,80.04,47,1,4.61,clear sky
400,Mount Barker,AU,-35.0667,138.8667,50.11,95,15,6.11,few clouds
401,Atyashevo,RU,54.5644,46.0691,66.81,62,48,4.7,scattered clouds
402,Westport,US,41.1415,-73.3579,76.6,72,75,1.01,broken clouds
403,Ternate,ID,0.8,127.4,80.83,78,99,5.73,light rain
404,Omboue,GA,-1.5746,9.2618,77.9,74,67,11.39,broken clouds
405,Moron,AR,-34.6534,-58.6198,66.99,58,32,1.99,scattered clouds
406,Udachnyy,RU,66.4167,112.4,59.88,48,11,9.17,few clouds
407,Seondha,IN,26.1578,78.7797,79.57,89,96,6.89,overcast clouds
408,Hokitika,NZ,-42.7167,170.9667,43.65,85,100,14.16,overcast clouds
409,Mbini,GQ,1.574,9.6134,79.03,78,90,12.01,overcast clouds
410,Kahului,US,20.8947,-156.47,77.85,77,20,11.5,few clouds
411,Waipawa,NZ,-41.4122,175.5153,43.43,76,99,5.28,overcast clouds
412,Champerico,GT,14.3,-91.9167,90.72,76,90,6.93,overcast clouds
413,Vredendal,ZA,-31.6683,18.5012,54.72,79,19,5.55,few clouds
414,Price,US,39.5994,-110.8107,81.66,22,1,4.61,clear sky
415,Kouango,CF,4.9934,19.9619,76.33,84,63,3.15,light rain
416,Bima,ID,-8.4667,118.7167,73.24,95,24,4.12,few clouds
417,Saint-Georges,GD,12.0564,-61.7485,85.68,79,40,12.66,scattered clouds
418,Williston,US,48.147,-103.618,84.61,27,33,15.77,scattered clouds
419,Malpe,IN,13.35,74.7167,79.9,87,87,9.17,overcast clouds
420,Walvis Bay,NA,-22.9575,14.5053,58.08,82,26,8.88,scattered clouds
421,Saint Helens,GB,53.45,-2.7333,71.71,65,20,3.0,few clouds
422,Pundaguitan,PH,6.3711,126.1689,83.71,76,50,15.3,scattered clouds
423,Merauke,ID,-8.4667,140.3333,75.92,90,91,10.47,overcast clouds
424,Crateus,BR,-5.1783,-40.6775,94.28,24,70,7.02,broken clouds
425,Margate,GB,51.3813,1.3862,70.88,62,65,1.99,broken clouds
426,Arlit,NE,18.7369,7.3853,103.37,19,6,9.1,clear sky
427,Tari,NG,12.4086,4.4914,91.6,47,79,7.54,broken clouds
428,Bafoulabe,ML,13.8065,-10.8321,89.19,59,92,14.07,overcast clouds
429,Tortoli,IT,39.9256,9.6572,83.82,52,54,4.12,broken clouds
430,Chekhov,RU,55.1431,37.4711,67.08,67,93,0.6,overcast clouds
431,Wufeng,CN,27.45,104.8333,62.37,83,24,3.36,few clouds
432,Okhotsk,RU,59.3833,143.3,52.88,89,7,3.56,clear sky
433,Gazanjyk,TM,39.2446,55.5154,92.86,25,59,9.19,broken clouds
434,Conde,BR,-7.2597,-34.9075,74.66,88,75,19.57,broken clouds
435,Jalu,LY,29.0331,21.5482,106.43,8,0,15.73,clear sky
436,Tsabong,BW,-26.0217,22.401,67.75,23,0,10.51,clear sky
437,Trelew,AR,-43.249,-65.3051,69.62,27,23,19.48,few clouds
438,Awbari,LY,26.5921,12.7805,103.23,8,0,10.87,clear sky
439,Kardla,EE,58.9978,22.7492,65.05,56,64,6.73,broken clouds
440,Shevchenkove,UA,49.6959,37.1735,76.78,34,93,2.3,overcast clouds
441,Bonavista,CA,48.6499,-53.1147,67.26,64,100,13.98,overcast clouds
442,Rocha,UY,-34.4833,-54.3333,62.85,57,15,4.7,few clouds
443,Mazagao,BR,-0.115,-51.2894,93.25,43,4,4.0,clear sky
444,Marystown,CA,47.1666,-55.1483,65.03,77,95,17.2,overcast clouds
445,Kabin Buri,TH,13.9511,101.7177,77.13,91,100,4.94,overcast clouds
446,Toora-Khem,RU,52.4675,96.11,56.41,97,99,4.14,light rain
447,Honiara,SB,-9.4333,159.95,75.02,87,31,3.53,scattered clouds
448,Teknaf,BD,20.8624,92.3058,79.11,91,75,5.88,broken clouds
449,Kavaratti,IN,10.5669,72.642,81.9,82,99,15.79,overcast clouds
450,Hammerfest,NO,70.6634,23.6821,50.45,87,75,9.22,broken clouds
451,Fort-Shevchenko,KZ,44.5086,50.263,87.04,40,0,7.52,clear sky
452,Pandan,PH,14.0453,124.1694,83.97,70,99,14.52,overcast clouds
453,Kaeo,NZ,-35.1,173.7833,59.32,89,100,12.5,light rain
454,Vesoul,FR,47.5833,5.8333,67.82,76,97,4.27,overcast clouds
455,Labrea,BR,-7.2586,-64.7981,97.74,21,14,4.88,few clouds
456,Zhigansk,RU,66.7697,123.3711,58.66,56,40,3.89,scattered clouds
457,Narasannapeta,IN,18.4167,84.05,81.3,80,100,5.82,light rain
458,Sal Rei,CV,16.1833,-22.9167,79.36,100,90,10.36,light intensity drizzle
459,Voznesenye,RU,61.0106,35.4781,62.42,51,1,9.24,clear sky
460,Doha,QA,25.2867,51.5333,98.58,47,0,3.44,clear sky
461,Nelson Bay,AU,-32.7167,152.15,53.76,72,0,3.0,clear sky
462,Le Port,RE,-20.9373,55.2919,67.96,76,68,5.66,light rain
463,Pangnirtung,CA,66.1451,-65.7125,54.82,64,100,13.42,light rain
464,Grand Gaube,MU,-20.0064,57.6608,66.38,77,31,5.01,light rain
465,Cockburn Town,TC,21.4612,-71.1419,85.96,70,40,16.11,scattered clouds
466,Oktyabrskiy,RU,54.4815,53.471,82.71,43,100,14.58,overcast clouds
467,Yangambi,CD,0.8102,24.4336,78.24,59,24,0.38,light rain
468,Plattsburgh,US,44.6995,-73.4529,82.31,54,100,1.01,overcast clouds
469,Berlevag,NO,70.8578,29.0864,48.2,87,75,33.38,light rain
470,Redmond,US,47.674,-122.1215,79.74,66,44,1.99,scattered clouds
471,Tautira,PF,-17.7333,-149.15,77.02,78,68,14.34,broken clouds
472,Sao Joao Da Barra,BR,-21.6403,-41.0511,75.29,60,44,14.45,scattered clouds
473,Karabulak,RU,43.3036,44.8964,84.76,45,59,5.61,broken clouds
474,Homer,US,59.6425,-151.5483,60.04,85,1,0.0,clear sky
475,Torbat-E Jam,IR,35.244,60.6225,86.83,16,18,17.45,few clouds
476,Castrillon,ES,43.3979,-6.7922,79.21,71,77,4.68,broken clouds
477,Sao Jose Da Coroa Grande,BR,-8.8978,-35.1478,76.41,82,87,12.59,overcast clouds
478,Alice Springs,AU,-23.7,133.8833,36.95,60,0,3.44,clear sky
479,Araguaina,BR,-7.1911,-48.2072,98.73,16,96,5.84,overcast clouds
480,Muisne,EC,0.6,-80.0333,78.62,77,87,10.54,overcast clouds
481,Saint-Paul,RE,-21.0096,55.2707,68.09,78,64,1.43,light rain
482,Waddan,LY,29.1614,16.139,104.97,9,0,13.38,clear sky
483,Wewak,PG,-3.5534,143.6268,78.19,84,52,1.95,broken clouds
484,Lerwick,GB,60.1545,-1.1494,57.2,86,100,9.69,overcast clouds
485,Karasjok,NO,69.4719,25.5112,51.91,68,99,19.01,overcast clouds
486,Isangel,VU,-19.55,169.2667,67.53,71,82,2.33,broken clouds
487,Usinsk,RU,65.9939,57.5281,66.51,90,96,5.64,overcast clouds
488,Budesti,RO,44.2347,26.4658,90.88,40,33,4.7,scattered clouds
489,Leirvik,NO,59.7798,5.5005,70.21,52,20,5.75,few clouds
490,Malakal,SS,9.5334,31.6605,76.48,84,91,5.01,light rain
491,Eyl,SO,7.9803,49.8164,78.66,77,63,26.75,broken clouds
492,The Valley,AI,18.217,-63.0578,86.83,74,20,11.5,few clouds
493,Qorveh,IR,35.1664,47.8045,73.17,33,85,3.91,overcast clouds
494,Lewisporte,CA,49.2499,-55.0482,74.14,38,87,13.91,overcast clouds
495,Nurota,UZ,40.5614,65.6886,89.69,17,75,12.97,broken clouds
496,Kemi,FI,65.8596,24.8228,60.57,67,75,11.5,broken clouds
497,Arnold,GB,53.0,-1.1333,75.47,60,60,6.4,broken clouds
498,Makakilo City,US,21.3469,-158.0858,77.32,69,1,6.91,clear sky
499,Uige,AO,-7.6087,15.0613,81.5,28,28,3.49,scattered clouds
500,Naples,IT,40.8333,14.25,90.84,64,0,1.01,clear sky
501,Keflavik,IS,64.0049,-22.5624,58.51,82,75,5.75,broken clouds
502,Cap Malheureux,MU,-19.9842,57.6142,66.47,78,27,5.99,scattered clouds
503,Jacareacanga,BR,-6.2222,-57.7528,99.37,17,3,4.34,clear sky
504,Sabang,ID,5.8933,95.3214,83.03,75,87,23.89,overcast clouds
505,Mount Gambier,AU,-37.8333,140.7667,49.91,100,90,10.36,overcast clouds
506,Lasem,ID,-6.6922,111.4527,78.15,86,12,7.2,few clouds
507,Bombay,IN,19.0144,72.8479,84.88,84,75,14.97,haze
508,La Libertad,EC,-2.2333,-80.9,71.55,81,98,9.95,overcast clouds
509,Lithakia,GR,37.7167,20.8333,94.42,40,0,9.22,clear sky
510,Xining,CN,36.6167,101.7667,58.37,68,89,4.88,overcast clouds
511,Kutum,SD,14.2,24.6667,85.23,36,98,7.23,overcast clouds
512,Morbegno,IT,46.1383,9.57,69.28,99,100,0.6,heavy intensity rain
513,Beloha,MG,-25.1667,45.05,64.76,76,0,14.79,clear sky
514,Ak-Dovurak,RU,51.1833,90.6,59.79,90,69,6.38,broken clouds
515,Dhing,IN,26.4667,92.4667,83.62,84,65,7.83,broken clouds
516,Manta,EC,-0.95,-80.7333,74.01,83,100,10.54,overcast clouds
517,Goderich,CA,43.7501,-81.7165,80.04,66,4,5.73,clear sky
518,Whitianga,NZ,-36.8333,175.7,54.01,88,100,5.41,light rain
519,Teguldet,RU,57.3064,88.1667,59.97,98,100,1.25,light rain
520,Morris,US,40.8334,-74.5329,74.82,69,90,1.01,overcast clouds
521,Dalnerechensk,RU,45.9339,133.7225,74.05,64,94,5.77,overcast clouds
522,Port Victoria,KE,0.0939,33.9756,73.13,71,43,4.97,scattered clouds
523,Preobrazheniye,RU,42.9019,133.9064,71.67,92,83,5.32,broken clouds
524,Sitka,US,57.0531,-135.33,64.29,72,90,8.05,overcast clouds
525,Cabra,ES,37.4725,-4.4421,94.66,25,37,1.99,scattered clouds
526,Warrington,GB,53.3925,-2.5802,71.94,64,20,5.75,few clouds
527,Hauterive,FR,46.0901,3.4459,72.36,85,80,6.13,broken clouds
528,Itarema,BR,-2.9248,-39.9167,87.66,52,30,15.75,scattered clouds
529,Lander,US,42.833,-108.7307,76.98,41,1,3.44,clear sky
530,Piet Retief,ZA,-27.0071,30.8132,55.24,47,0,4.16,clear sky
531,Ordzhonikidzevskaya,RU,43.3211,45.0522,85.91,44,63,6.35,broken clouds
532,Liku,ID,-0.7275,119.8922,76.03,90,61,3.38,broken clouds
533,Wattegama,LK,6.7989,81.4808,79.07,72,98,6.76,overcast clouds
534,Stornoway,GB,58.2093,-6.3865,60.93,94,75,13.8,broken clouds
535,Sao Gabriel Da Cachoeira,BR,-0.1303,-67.0892,84.76,58,92,0.83,overcast clouds
536,Governador Valadares,BR,-18.8511,-41.9494,80.83,37,76,5.26,broken clouds
537,Acarau,BR,-2.8856,-40.12,88.38,51,28,13.4,scattered clouds
538,Vanavara,RU,60.34,102.2797,61.34,62,89,4.38,overcast clouds
539,Souillac,MU,-20.5167,57.5167,66.36,76,71,21.5,light rain
540,Dinguiraye,GN,11.3,-10.7167,73.11,92,82,6.08,moderate rain
541,Apiai,BR,-24.5094,-48.8425,60.96,54,57,6.15,broken clouds
542,Tiksi,RU,71.6872,128.8694,40.19,89,1,8.93,clear sky
543,Udalguri,IN,26.7667,92.1333,82.83,85,83,4.74,broken clouds
544,Lasa,IT,46.6166,10.7002,59.74,98,100,0.74,light rain
545,Gelgaudiskis,LT,55.0792,22.9758,62.74,84,99,4.72,overcast clouds
546,Paita,PE,-5.0892,-81.1144,75.76,71,0,12.26,clear sky
547,Talnakh,RU,69.4865,88.3972,67.44,60,39,1.86,scattered clouds
548,Anadyr,RU,64.75,177.4833,51.01,93,100,17.0,light rain
549,Mayumba,GA,-3.432,10.6554,75.87,80,56,9.33,broken clouds
550,Nemuro,JP,43.3236,145.575,67.12,99,99,3.42,overcast clouds
551,Hemnesberget,NO,66.2333,13.6333,59.72,79,95,5.95,overcast clouds
552,Wageningen,NL,51.9667,5.6667,74.17,68,21,1.01,few clouds
553,Cordeiro,BR,-22.0286,-42.3608,68.36,55,65,4.18,broken clouds
554,Chute-Aux-Outardes,CA,49.1168,-68.399,62.8,58,6,6.85,clear sky
555,Bria,CF,6.5423,21.9863,72.37,90,10,3.69,light rain
556,Muzaffarpur,IN,26.1167,85.4,76.93,79,100,1.36,heavy intensity rain
557,Canguaretama,BR,-6.38,-35.1289,82.38,63,68,15.14,broken clouds
558,Tiznit,MA,29.5833,-9.5,78.04,50,0,10.56,clear sky
559,Vila Do Maio,CV,15.1333,-23.2167,81.39,86,97,13.94,overcast clouds
560,Shimoda,JP,34.6667,138.95,74.1,86,1,2.93,clear sky
561,Solginskiy,RU,61.05,41.3428,57.6,65,21,4.85,few clouds
562,Sao Domingos Do Maranhao,BR,-5.5758,-44.3853,96.62,23,52,4.76,broken clouds
563,Kikwit,CD,-5.041,18.8162,89.1,17,16,1.36,few clouds
564,Houlton,US,46.1262,-67.8403,79.72,61,75,5.75,broken clouds
565,Moravsky Pisek,CZ,48.9902,17.3327,74.59,60,76,3.83,broken clouds
566,Jaguaruna,BR,-28.615,-49.0256,68.23,69,80,5.35,broken clouds
567,Teeli,RU,51.0333,90.2333,59.47,91,73,5.55,broken clouds
568,San Policarpo,PH,12.1791,125.5072,80.53,78,100,6.64,overcast clouds
569,Saint-Louis,SN,16.3333,-15.0,96.03,40,99,8.34,overcast clouds
570,Bayburt,TR,40.2589,40.2278,65.82,79,1,4.07,clear sky
571,Batticaloa,LK,7.7102,81.6924,82.2,70,95,9.08,overcast clouds
572,Taltal,CL,-25.4,-70.4833,63.9,62,3,4.61,clear sky
573,Araouane,ML,18.9048,-3.5265,101.82,23,56,13.13,broken clouds
574,Sayyan,YE,15.1718,44.3244,65.95,58,81,2.48,broken clouds
575,Ola,RU,59.5833,151.2833,48.58,56,95,13.65,overcast clouds
576,Sandwick,GB,60.0,-1.25,57.02,94,20,6.91,few clouds
577,Rio Verde De Mato Grosso,BR,-18.9181,-54.8442,85.46,14,100,7.2,overcast clouds
578,Lata,PT,40.1629,-8.3327,84.04,55,21,12.28,few clouds
579,Vilhena,BR,-12.7406,-60.1458,89.73,23,74,5.37,broken clouds
580,Sukhumi,GE,43.0033,41.0153,79.23,89,31,2.66,scattered clouds
581,Antofagasta,CL,-23.65,-70.4,66.22,61,2,5.5,clear sky
582,Konyshevka,RU,51.8418,35.2941,72.28,55,62,7.34,broken clouds
583,Fort Nelson,CA,58.8053,-122.7002,59.0,88,100,4.88,overcast clouds
584,Tolstoy-Yurt,RU,43.4444,45.7722,88.12,42,0,4.47,clear sky
585,Nouakchott,MR,18.0858,-15.9785,85.93,77,54,14.45,broken clouds
586,Tashtyp,RU,52.7939,89.8983,60.67,96,90,4.09,moderate rain
587,Tonantins,BR,-2.8731,-67.8022,91.99,34,9,3.69,clear sky
588,Luanda,AO,-8.8368,13.2343,72.46,81,11,14.97,few clouds
589,Kirakira,SB,-10.4544,161.9205,73.83,80,11,4.09,few clouds
590,Iquitos,PE,-3.7481,-73.2472,89.64,45,20,9.22,few clouds
591,Romilly-Sur-Seine,FR,48.5108,3.7263,69.12,77,95,2.95,overcast clouds
592,Dalvik,IS,65.9702,-18.5286,56.26,81,86,7.67,overcast clouds
593,Ondjiva,AO,-17.0667,15.7333,71.96,19,3,3.2,clear sky
594,Pringsewu,ID,-5.3582,104.9744,73.44,95,59,2.42,broken clouds
595,Lamu,KE,-2.2717,40.902,75.42,82,3,14.16,clear sky
596,Konevo,RU,62.1215,39.3192,61.05,51,6,7.9,clear sky
597,Nuristan,AF,35.3,70.8333,50.86,71,15,3.47,few clouds
598,Chingirlau,KZ,51.095,54.0814,88.92,22,100,10.4,overcast clouds
599,Soe,ID,-9.8607,124.284,64.26,91,23,5.79,few clouds
600,Kirsanov,RU,52.6549,42.7224,67.21,56,69,5.84,broken clouds
601,Noyabrsk,RU,63.1994,75.4507,62.29,79,46,7.27,scattered clouds
602,Deep River,CA,46.1001,-77.4995,77.43,40,9,4.18,clear sky
603,Akdepe,TM,42.0551,59.3788,89.6,23,40,16.28,scattered clouds
604,Solton,RU,52.8429,86.4787,59.13,82,61,2.1,broken clouds
605,Mwense,ZM,-10.3845,28.698,71.53,28,1,5.1,clear sky
606,Abu Kamal,SY,34.4506,40.9171,102.88,11,17,11.83,few clouds
607,College,US,64.8569,-147.8028,67.95,62,40,8.05,smoke
608,Anito,PH,12.4497,125.2886,80.71,80,73,7.09,broken clouds
609,Sabzevar,IR,36.2126,57.6819,86.94,17,65,17.98,broken clouds
610,Londrina,BR,-23.3103,-51.1628,71.26,40,0,11.5,clear sky
611,Sandur,IN,15.1,76.55,73.54,83,66,17.18,broken clouds
612,Dargaville,NZ,-35.9333,173.8833,53.89,94,100,6.53,light rain
613,Ariquemes,BR,-9.9133,-63.0408,96.69,20,33,5.53,scattered clouds
614,Bereda,ES,43.2686,-7.5406,82.42,61,15,6.73,few clouds
615,Banyo,CM,6.75,11.8167,68.95,93,95,2.89,moderate rain
616,Solnechnyy,RU,50.7214,136.6319,53.51,98,100,4.18,overcast clouds
617,Taoudenni,ML,22.6783,-3.9836,117.21,6,9,11.48,clear sky
618,Tugolesskiy Bor,RU,55.5505,39.8242,62.85,66,82,0.65,broken clouds
619,Mantua,IT,45.1667,10.7833,79.92,82,100,5.99,overcast clouds
620,Verkh-Usugli,RU,52.7,115.1667,57.52,92,100,3.13,overcast clouds
621,Eloy,US,32.7559,-111.5548,101.73,31,0,5.86,clear sky
622,Sola,VU,-13.8833,167.55,77.22,77,50,11.45,scattered clouds
623,Maunabo,PR,18.0072,-65.8993,88.52,84,17,9.95,few clouds
624,Miandrivazo,MG,-19.5167,45.4667,80.26,37,73,3.56,broken clouds
625,Togul,RU,53.465,85.9128,59.7,86,47,1.45,scattered clouds
626,Bambanglipuro,ID,-7.95,110.2833,75.49,90,22,7.96,light rain
627,Romny,UA,50.751,33.4747,70.27,52,91,3.24,overcast clouds
628,Kysyl-Syr,RU,63.8986,122.7617,61.88,52,88,3.38,overcast clouds
629,Batemans Bay,AU,-35.7167,150.1833,54.91,65,62,6.33,broken clouds
630,Coahuayana,MX,18.7333,-103.6833,89.08,57,64,4.23,broken clouds
631,Nosy Varika,MG,-20.5833,48.5333,67.53,82,87,10.13,light rain
632,Podporozhye,RU,60.9112,34.1706,60.28,53,1,6.85,clear sky
633,Comodoro Rivadavia,AR,-45.8667,-67.5,67.86,17,0,11.5,clear sky
634,Qaqortoq,GL,60.7167,-46.0333,50.5,95,100,3.96,overcast clouds
635,Coihaique,CL,-45.5752,-72.0662,45.21,75,0,3.44,clear sky
636,Pauini,BR,-7.7136,-66.9764,95.76,22,6,5.77,clear sky
637,Puerto Padre,CU,21.195,-76.6028,92.41,59,37,6.44,scattered clouds
638,Te Anau,NZ,-45.4167,167.7167,35.13,92,100,0.25,overcast clouds
639,Gamba,GA,-2.65,10.0,76.84,77,76,9.37,broken clouds
640,Puerto Del Rosario,ES,28.5004,-13.8627,78.55,69,20,18.41,few clouds
641,Kamenka,RU,51.3223,42.7678,69.93,53,95,6.85,overcast clouds
642,Mehamn,NO,71.0357,27.8492,50.18,81,75,27.63,broken clouds
643,Raahe,FI,64.6833,24.4833,60.89,64,100,15.68,overcast clouds
644,Sawtell,AU,-30.3833,153.1,51.82,54,0,8.05,clear sky
645,Buin,CL,-33.7333,-70.75,66.06,31,0,4.92,clear sky
646,Skjervoy,NO,70.0311,20.9714,53.6,95,100,9.6,overcast clouds
647,Joao Pinheiro,BR,-17.7425,-46.1725,81.21,28,97,6.42,overcast clouds
648,Namibe,AO,-15.1961,12.1522,72.39,59,4,13.4,clear sky
649,Rocky Mountain House,CA,52.3668,-114.9188,70.83,39,90,4.0,overcast clouds
650,Chicama,PE,-7.8447,-79.1469,64.94,62,44,8.68,scattered clouds
651,Vangaindrano,MG,-23.35,47.6,64.67,83,100,4.23,light rain
652,Sokolskoye,RU,57.1412,43.1589,65.82,58,13,8.23,few clouds
653,Abha,SA,18.2164,42.5053,70.05,73,20,5.75,few clouds
654,Dakar,SN,14.6937,-17.4441,86.88,79,81,10.54,broken clouds
655,Vila,PT,42.0304,-8.1588,72.73,62,11,7.94,few clouds
656,Nushki,PK,29.5542,66.0215,89.73,8,0,5.61,clear sky
657,San Vicente,AR,-26.6167,-54.1333,73.78,24,3,2.86,clear sky
658,Hatta,IN,24.1167,79.6,76.71,85,100,12.17,overcast clouds
659,Laurel,US,39.0993,-76.8483,82.63,56,1,3.0,clear sky
660,Graaff-Reinet,ZA,-32.2522,24.5308,66.92,45,83,2.95,broken clouds
661,Sitia,GR,35.2,26.0986,83.98,59,0,10.6,clear sky
662,Namtsy,RU,62.7161,129.6658,55.51,59,74,1.63,broken clouds
663,Lopatino,RU,52.6195,45.8118,66.22,79,20,6.11,few clouds
664,Dudinka,RU,69.4058,86.1778,68.99,58,52,2.46,broken clouds
665,Kamina,CD,-8.7386,24.9906,73.35,25,0,5.99,clear sky
